{
  "ID": "23133136",
  "packets_product": 501,
  "orders_subgroups": 497,
  "unique_dim": 368,
  "unique_dim_weight": 407,
  "max_dim": 211.0,
  "min_dim": 20.0,
  "max_w": 136.0,
  "min_w": 3.14,
  "w_mean": 26.43,
  "w_median": 16.4,
  "w_std": 22.42,
  "t_weight": 13240.53,
  "max_v": 1.3113000000000001,
  "min_v": 0.030320000000000003,
  "v_mean": 0.18,
  "v_median": 0.11,
  "v_std": 0.15,
  "t_vol": 89.21,
  "n_dst": 2,
  "n_prio": 39,
  "n_frag": 0,
  "n_adr": 0,
  "n_only_item_sub": 482,
  "n_mult_item_sub": 19,
  "perc_mult": 0.04,
  "perc_prio": 0.08,
  "perc_unique": 0.73
}