{
  "ID": "23135358",
  "packets_product": 652,
  "orders_subgroups": 647,
  "unique_dim": 522,
  "unique_dim_weight": 562,
  "max_dim": 205.0,
  "min_dim": 15.0,
  "max_w": 136.0,
  "min_w": 2.22,
  "w_mean": 20.26,
  "w_median": 12.0,
  "w_std": 19.26,
  "t_weight": 13210.48,
  "max_v": 1.3113000000000001,
  "min_v": 0.020110000000000003,
  "v_mean": 0.14,
  "v_median": 0.08,
  "v_std": 0.14,
  "t_vol": 89.06,
  "n_dst": 4,
  "n_prio": 59,
  "n_frag": 74,
  "n_adr": 0,
  "n_only_item_sub": 634,
  "n_mult_item_sub": 18,
  "perc_mult": 0.03,
  "perc_unique": 0.8
}