{
  "ID": "23134114",
  "packets_product": 519,
  "orders_subgroups": 519,
  "unique_dim": 394,
  "unique_dim_weight": 443,
  "max_dim": 214.0,
  "min_dim": 20.0,
  "max_w": 136.0,
  "min_w": 3.14,
  "w_mean": 26.35,
  "w_median": 15.0,
  "w_std": 22.67,
  "t_weight": 13675.24,
  "max_v": 1.3113000000000001,
  "min_v": 0.030100000000000002,
  "v_mean": 0.18,
  "v_median": 0.1,
  "v_std": 0.16,
  "t_vol": 93.23,
  "n_dst": 3,
  "n_prio": 0,
  "n_frag": 25,
  "n_adr": 0,
  "n_only_item_sub": 519,
  "n_mult_item_sub": 0
}