{
  "ID": "23132805",
  "packets_product": 654,
  "orders_subgroups": 644,
  "unique_dim": 531,
  "unique_dim_weight": 575,
  "max_dim": 250.0,
  "min_dim": 15.0,
  "max_w": 98.7,
  "min_w": 2.0,
  "w_mean": 20.12,
  "w_median": 12.05,
  "w_std": 18.72,
  "t_weight": 13158.35,
  "max_v": 0.8221200000000001,
  "min_v": 0.015220000000000001,
  "v_mean": 0.13,
  "v_median": 0.08,
  "v_std": 0.13,
  "t_vol": 88.14,
  "n_dst": 1,
  "n_prio": 83,
  "n_frag": 74,
  "n_adr": 0,
  "n_only_item_sub": 625,
  "n_mult_item_sub": 29,
  "perc_mult": 0.04,
  "perc_prio": 0.13,
  "perc_unique": 0.81
}