{
  "ID": "23134358",
  "packets_product": 315,
  "orders_subgroups": 312,
  "unique_dim": 197,
  "unique_dim_weight": 244,
  "max_dim": 196.0,
  "min_dim": 35.0,
  "max_w": 136.0,
  "min_w": 6.1,
  "w_mean": 44.16,
  "w_median": 41.7,
  "w_std": 21.48,
  "t_weight": 13909.5,
  "max_v": 1.3113000000000001,
  "min_v": 0.05314000000000001,
  "v_mean": 0.3,
  "v_median": 0.29,
  "v_std": 0.14,
  "t_vol": 93.17,
  "n_dst": 4,
  "n_prio": 35,
  "n_frag": 2,
  "n_adr": 0,
  "n_only_item_sub": 303,
  "n_mult_item_sub": 12
}