{
  "ID": "26114826",
  "packets_product": 425,
  "orders_subgroups": 419,
  "unique_dim": 290,
  "unique_dim_weight": 339,
  "max_dim": 207.0,
  "min_dim": 25.0,
  "max_w": 120.0,
  "min_w": 3.14,
  "w_mean": 31.87,
  "w_median": 24.0,
  "w_std": 23.79,
  "t_weight": 13544.81,
  "max_v": 0.9045400000000001,
  "min_v": 0.030850000000000002,
  "v_mean": 0.21,
  "v_median": 0.18,
  "v_std": 0.15,
  "t_vol": 89.21,
  "n_dst": 4,
  "n_prio": 25,
  "n_frag": 2,
  "n_adr": 0,
  "n_only_item_sub": 406,
  "n_mult_item_sub": 19,
  "perc_mult": 0.04,
  "perc_unique": 0.68,
  "perc_prio": 0.06
}