{
  "ID": "26114826",
  "packets_product": 393,
  "orders_subgroups": 389,
  "unique_dim": 271,
  "unique_dim_weight": 313,
  "max_dim": 207.0,
  "min_dim": 25.0,
  "max_w": 120.0,
  "min_w": 3.14,
  "w_mean": 32.53,
  "w_median": 25.0,
  "w_std": 24.13,
  "t_weight": 12783.14,
  "max_v": 0.9045400000000001,
  "min_v": 0.030850000000000002,
  "v_mean": 0.21,
  "v_median": 0.18,
  "v_std": 0.15,
  "t_vol": 83.05,
  "n_dst": 4,
  "n_prio": 24,
  "n_frag": 1,
  "n_adr": 0,
  "n_only_item_sub": 378,
  "n_mult_item_sub": 15,
  "perc_mult": 0.04,
  "perc_unique": 0.69,
  "perc_prio": 0.06
}